{
  "status": "SUCCESS",
  "data": {
    "fundSources": [
      {
        "fundName": "Voya Large Cap Growth Port Inst",
        "showFundName": "Voya Large Cap Growth Port...",
        "percents": [
          {
            "investmentId": "30",
            "sourceId": "A",
            "currentPercent": "0",
            "readOnly": false
          },
          {
            "investmentId": "GP",
            "sourceId": "A",
            "currentPercent": "100",
            "readOnly": true
          }
        ]
      },
      {
        "fundName": "GP",
        "percents": [
          {
            "investmentId": "30",
            "sourceId": "A",
            "currentPercent": "0",
            "readOnly": false
          },
          {
            "investmentId": "GP",
            "sourceId": "A",
            "currentPercent": "100",
            "readOnly": true
          }
        ]
      }
    ],
    "sourceMap": [
      {
        "sourceId": "A",
        "sourceName": "EE PRE TAX"
      }
    ],
    "invElectChangeAllowed": true,
    "readOnlyFieldsExist": true
  }
}
