{
  "participantInfo": {
    "partSSN": "262626267",
    "firstName": "Test",
    "lastName": "Test",
    "middleInitial": "",
    "address1": "123 Main",
    "address2": "",
    "city": "Anywhere",
    "state": "FL",
    "zipCode": "32210",
    "country": "USA",
    "email": "",
    "statusCode": "",
    "birthDate": "01/01/1982",
    "hireDate": "01/01/2018",
    "rehireDate": "",
    "termDate": "",
    "termCode": "",
    "defType": "P",
    "catchupDefType": "",
    "enrollFlag": "true",
    "newDivsubUpdated": "",
    "sameAsSource": "A",
    "mstarFlag": "false",
    "qdiaFlag": "false"
  },
  "optionalDataElement": [
    {
      "code": "PTPH244",
      "value": "9001"
    },
    {
      "code": "PTPH290",
      "value": "test"
    }
  ],
  "contributionElections": [
    {
      "code": "A",
      "value": "0"
    }
  ],
  "investmentElectionsList": [
    {
      "investmentId": "30",
      "sourceId": "ALL",
      "newPercent": "50"
    },
    {
      "investmentId": "7E",
      "sourceId": "ALL",
      "newPercent": "50"
    }
  ]
}
