{
  "status": "SUCCESS",
  "data": [
    {
      "id": "0040",
      "text": "0040 ST. CATHERINES",
      "name": "",
      "phone": "",
      "textOnly": "ST. CATHERINES"
    },
    {
      "id": "0055",
      "text": "0055 WHEATON FRANCISCAN SERVICES",
      "name": "",
      "phone": "",
      "textOnly": "WHEATON FRANCISCAN SERVICES"
    },
    {
      "id": "0060",
      "text": "0060 SET MINISTRIES",
      "name": "",
      "phone": "",
      "textOnly": "SET MINISTRIES"
    },
    {
      "id": "0075",
      "text": "0075 ROSALIE MANOR",
      "name": "",
      "phone": "",
      "textOnly": "ROSALIE MANOR"
    },
    {
      "id": "0080",
      "text": "0080 FRANCISCAN MINISTRIES",
      "name": "",
      "phone": "",
      "textOnly": "FRANCISCAN MINISTRIES"
    },
    {
      "id": "0099",
      "text": "0099 COVENANT HEALTH SYSTEM",
      "name": "",
      "phone": "",
      "textOnly": "COVENANT HEALTH SYSTEM"
    },
    {
      "id": "0101",
      "text": "0101 ST. MARY'S",
      "name": "",
      "phone": "",
      "textOnly": "ST. MARY'S"
    },
    {
      "id": "0102",
      "text": "0102 ST. MARY'S",
      "name": "",
      "phone": "",
      "textOnly": "ST. MARY'S"
    },
    {
      "id": "0201",
      "text": "0201 ST. LUKE'S",
      "name": "",
      "phone": "",
      "textOnly": "ST. LUKE'S"
    },
    {
      "id": "0202",
      "text": "0202 ST. LUKE'S",
      "name": "",
      "phone": "",
      "textOnly": "ST. LUKE'S"
    },
    {
      "id": "1001",
      "text": "1001 WFH - ST. JOSEPH",
      "name": "",
      "phone": "",
      "textOnly": "WFH - ST. JOSEPH"
    },
    {
      "id": "1002",
      "text": "1002 ST. MICHAEL HOSPITAL",
      "name": "",
      "phone": "",
      "textOnly": "ST. MICHAEL HOSPITAL"
    },
    {
      "id": "1003",
      "text": "1003 ELMBROOK MEMORIAL",
      "name": "",
      "phone": "",
      "textOnly": "ELMBROOK MEMORIAL"
    },
    {
      "id": "1004",
      "text": "1004 ST. FRANCIS HOSPITAL",
      "name": "",
      "phone": "",
      "textOnly": "ST. FRANCIS HOSPITAL"
    },
    {
      "id": "2001",
      "text": "2001 MARIAN CATHOLIC CENTER",
      "name": "",
      "phone": "",
      "textOnly": "MARIAN CATHOLIC CENTER"
    },
    {
      "id": "2002",
      "text": "2002 MARIAN FRANCISCAN CENTER",
      "name": "",
      "phone": "",
      "textOnly": "MARIAN FRANCISCAN CENTER"
    },
    {
      "id": "2003",
      "text": "2003 FRANCISCAN WOODS",
      "name": "",
      "phone": "",
      "textOnly": "FRANCISCAN WOODS"
    },
    {
      "id": "2004",
      "text": "2004 TERRACE AT ST. FRANCIS",
      "name": "",
      "phone": "",
      "textOnly": "TERRACE AT ST. FRANCIS"
    },
    {
      "id": "3001",
      "text": "3001 FRANCISCAN SHARED LAB",
      "name": "",
      "phone": "",
      "textOnly": "FRANCISCAN SHARED LAB"
    },
    {
      "id": "4002",
      "text": "4002 COVENANT HOME HEALTH SERVICES",
      "name": "",
      "phone": "",
      "textOnly": "COVENANT HOME HEALTH SERVICES"
    },
    {
      "id": "5001",
      "text": "5001 STD SPECIALTIES CLINIC",
      "name": "",
      "phone": "",
      "textOnly": "STD SPECIALTIES CLINIC"
    },
    {
      "id": "5003",
      "text": "5003 SFH - CORPORATION",
      "name": "",
      "phone": "",
      "textOnly": "SFH - CORPORATION"
    },
    {
      "id": "5004",
      "text": "5004 VILLA OF ST. FRANCIS",
      "name": "",
      "phone": "",
      "textOnly": "VILLA OF ST. FRANCIS"
    },
    {
      "id": "6001",
      "text": "6001 COVENANT MEDICAL GROUP",
      "name": "",
      "phone": "",
      "textOnly": "COVENANT MEDICAL GROUP"
    },
    {
      "id": "6003",
      "text": "6003 COVENANT MEDICAL GROUP",
      "name": "",
      "phone": "",
      "textOnly": "COVENANT MEDICAL GROUP"
    },
    {
      "id": "7001",
      "text": "7001 WHEATON FRANCISCAN SISTERS",
      "name": "",
      "phone": "",
      "textOnly": "WHEATON FRANCISCAN SISTERS"
    },
    {
      "id": "8001",
      "text": "8001 MARIANJOY",
      "name": "",
      "phone": "",
      "textOnly": "MARIANJOY"
    },
    {
      "id": "8002",
      "text": "8002 REHABILITATION MEDICINE CLINIC",
      "name": "",
      "phone": "",
      "textOnly": "REHABILITATION MEDICINE CLINIC"
    },
    {
      "id": "8003",
      "text": "8003 REHABILITATION FOUNDATION, INC.",
      "name": "",
      "phone": "",
      "textOnly": "REHABILITATION FOUNDATION, INC."
    },
    {
      "id": "9001",
      "text": "9001 COVENANT HEALTHCARE, INC",
      "name": "",
      "phone": "",
      "textOnly": "COVENANT HEALTHCARE, INC"
    }
  ]
}
