[{  
    "status": { 
       "code": "CRD_0200",
       "message": "Success"
    },
    "response": [  
       {  
          "id":"additional_amount_type::001",
          "type":"additional_amount_type",
          "iso_additional_amount_type_code":"001",
          "iso_additional_amount_type_description":"GOODS & SERVICES TAX (GST)",
          "last_update_timestamp":"2005-06-07-22.34.21.000161",
          "last_update_user_identifier":"BH1037A"
       },
       {  
          "id":"additional_amount_type::002",
          "type":"additional_amount_type",
          "iso_additional_amount_type_code":"002",
          "iso_additional_amount_type_description":"CONSUMPTION TAX",
          "last_update_timestamp":"2005-06-07-22.31.06.000442",
          "last_update_user_identifier":"BH1037A"
       },
       {  
          "id":"additional_amount_type::003",
          "type":"additional_amount_type",
          "iso_additional_amount_type_code":"003",
          "iso_additional_amount_type_description":"PROVINCIAL SALES TAX (PST)",
          "last_update_timestamp":"2005-06-07-22.32.18.000218",
          "last_update_user_identifier":"BH1037A"
       },
       {  
          "id":"additional_amount_type::004",
          "type":"additional_amount_type",
          "iso_additional_amount_type_code":"004",
          "iso_additional_amount_type_description":"QUEBEC SALES TAX (QST)",
          "last_update_timestamp":"2005-06-07-22.33.38.000812",
          "last_update_user_identifier":"BH1037A"
       },
       {  
          "id":"additional_amount_type::005",
          "type":"additional_amount_type",
          "iso_additional_amount_type_code":"005",
          "iso_additional_amount_type_description":"HARMONIZED SALES TAX (HST)",
          "last_update_timestamp":"2005-06-07-22.34.03.000666",
          "last_update_user_identifier":"BH1037A"
       },
       {  
          "id":"additional_amount_type::006",
          "type":"additional_amount_type",
          "iso_additional_amount_type_code":"006",
          "iso_additional_amount_type_description":"INSURANCE PREMIUM TAX (IPT)",
          "last_update_timestamp":"2005-06-07-22.31.01.000443",
          "last_update_user_identifier":"BH1037A"
       },
       {  
          "id":"additional_amount_type::007",
          "type":"additional_amount_type",
          "iso_additional_amount_type_code":"007",
          "iso_additional_amount_type_description":"CIRCULATION OF MERCH & SVC TAX ICMS",
          "last_update_timestamp":"2005-06-13-22.03.38.000179",
          "last_update_user_identifier":"BH1037A"
       },
       {  
          "id":"additional_amount_type::008",
          "type":"additional_amount_type",
          "iso_additional_amount_type_code":"008",
          "iso_additional_amount_type_description":"IND PRODUCTS FEDERAL TRIBUTARY TAX",
          "last_update_timestamp":"2005-06-13-22.17.02.000861",
          "last_update_user_identifier":"BH1037A"
       },
       {  
          "id":"additional_amount_type::009",
          "type":"additional_amount_type",
          "iso_additional_amount_type_code":"009",
          "iso_additional_amount_type_description":"INLAND REV INCOME TAX",
          "last_update_timestamp":"2005-06-13-22.06.56.000304",
          "last_update_user_identifier":"BH1037A"
       },
       {  
          "id":"additional_amount_type::010",
          "type":"additional_amount_type",
          "iso_additional_amount_type_code":"010",
          "iso_additional_amount_type_description":"INTN'L STUDENTS & SCHOLARS INC TAX",
          "last_update_timestamp":"2005-06-13-22.07.19.000229",
          "last_update_user_identifier":"BH1037A"
       },
       {  
          "id":"additional_amount_type::011",
          "type":"additional_amount_type",
          "iso_additional_amount_type_code":"011",
          "iso_additional_amount_type_description":"INCOME SECURITY & REFORM TAX",
          "last_update_timestamp":"2005-06-13-22.18.44.000327",
          "last_update_user_identifier":"BH1037A"
       },
       {  
          "id":"additional_amount_type::012",
          "type":"additional_amount_type",
          "iso_additional_amount_type_code":"012",
          "iso_additional_amount_type_description":"OCCUPANCY TAX",
          "last_update_timestamp":"2005-06-13-04.07.13.000927",
          "last_update_user_identifier":"BH1037A"
       },
       {  
          "id":"additional_amount_type::013",
          "type":"additional_amount_type",
          "iso_additional_amount_type_code":"013",
          "iso_additional_amount_type_description":"ROOM TAX",
          "last_update_timestamp":"2005-06-13-04.01.34.000914",
          "last_update_user_identifier":"BH1037A"
       },
       {  
          "id":"additional_amount_type::014",
          "type":"additional_amount_type",
          "iso_additional_amount_type_code":"014",
          "iso_additional_amount_type_description":"SURCHARGE TAX",
          "last_update_timestamp":"2005-06-13-04.12.24.000287",
          "last_update_user_identifier":"BH1037A"
       },
       {  
          "id":"additional_amount_type::015",
          "type":"additional_amount_type",
          "iso_additional_amount_type_code":"015",
          "iso_additional_amount_type_description":"AIRPORT TAX",
          "last_update_timestamp":"2005-06-13-04.01.29.000618",
          "last_update_user_identifier":"BH1037A"
       },
       {  
          "id":"additional_amount_type::016",
          "type":"additional_amount_type",
          "iso_additional_amount_type_code":"016",
          "iso_additional_amount_type_description":"FOOD",
          "last_update_timestamp":"2005-06-13-04.14.58.000767",
          "last_update_user_identifier":"BH1037A"
       },
       {  
          "id":"additional_amount_type::017",
          "type":"additional_amount_type",
          "iso_additional_amount_type_code":"017",
          "iso_additional_amount_type_description":"BEVERAGE",
          "last_update_timestamp":"2005-06-13-04.12.06.000217",
          "last_update_user_identifier":"BH1037A"
       },
       {  
          "id":"additional_amount_type::018",
          "type":"additional_amount_type",
          "iso_additional_amount_type_code":"018",
          "iso_additional_amount_type_description":"FOOD/BEVERAGE",
          "last_update_timestamp":"2005-06-13-04.03.22.000616",
          "last_update_user_identifier":"BH1037A"
       },
       {  
          "id":"additional_amount_type::019",
          "type":"additional_amount_type",
          "iso_additional_amount_type_code":"019",
          "iso_additional_amount_type_description":"BAR",
          "last_update_timestamp":"2005-06-13-04.04.55.000333",
          "last_update_user_identifier":"BH1037A"
       },
       {  
          "id":"additional_amount_type::020",
          "type":"additional_amount_type",
          "iso_additional_amount_type_code":"020",
          "iso_additional_amount_type_description":"LODGING",
          "last_update_timestamp":"2005-06-13-04.09.42.000816",
          "last_update_user_identifier":"BH1037A"
       },
       {  
          "id":"additional_amount_type::021",
          "type":"additional_amount_type",
          "iso_additional_amount_type_code":"021",
          "iso_additional_amount_type_description":"RESTAURANT/ROOM SERVICE",
          "last_update_timestamp":"2005-06-13-04.07.52.000157",
          "last_update_user_identifier":"BH1037A"
       },
       {  
          "id":"additional_amount_type::022",
          "type":"additional_amount_type",
          "iso_additional_amount_type_code":"022",
          "iso_additional_amount_type_description":"CATERING CHARGES",
          "last_update_timestamp":"2005-06-13-04.11.45.000116",
          "last_update_user_identifier":"BH1037A"
       },
       {  
          "id":"additional_amount_type::023",
          "type":"additional_amount_type",
          "iso_additional_amount_type_code":"023",
          "iso_additional_amount_type_description":"BAR/MINI-BAR",
          "last_update_timestamp":"2005-06-13-04.16.02.000939",
          "last_update_user_identifier":"BH1037A"
       },
       {  
          "id":"additional_amount_type::024",
          "type":"additional_amount_type",
          "iso_additional_amount_type_code":"024",
          "iso_additional_amount_type_description":"PHONE",
          "last_update_timestamp":"2005-06-13-04.18.24.000378",
          "last_update_user_identifier":"BH1037A"
       },
       {  
          "id":"additional_amount_type::025",
          "type":"additional_amount_type",
          "iso_additional_amount_type_code":"025",
          "iso_additional_amount_type_description":"INTERNET SERVICE",
          "last_update_timestamp":"2005-06-13-04.03.44.000743",
          "last_update_user_identifier":"BH1037A"
       },
       {  
          "id":"additional_amount_type::026",
          "type":"additional_amount_type",
          "iso_additional_amount_type_code":"026",
          "iso_additional_amount_type_description":"MOVIES/PAY-PER-VIEW",
          "last_update_timestamp":"2005-06-13-04.10.27.000601",
          "last_update_user_identifier":"BH1037A"
       },
       {  
          "id":"additional_amount_type::027",
          "type":"additional_amount_type",
          "iso_additional_amount_type_code":"027",
          "iso_additional_amount_type_description":"LAUNDRY/DRY-CLEANING",
          "last_update_timestamp":"2005-06-13-04.11.42.000199",
          "last_update_user_identifier":"BH1037A"
       },
       {  
          "id":"additional_amount_type::028",
          "type":"additional_amount_type",
          "iso_additional_amount_type_code":"028",
          "iso_additional_amount_type_description":"BEAUTY/BARBER SALON",
          "last_update_timestamp":"2005-06-13-04.16.40.000768",
          "last_update_user_identifier":"BH1037A"
       },
       {  
          "id":"additional_amount_type::029",
          "type":"additional_amount_type",
          "iso_additional_amount_type_code":"029",
          "iso_additional_amount_type_description":"HEALTH & FITNESS",
          "last_update_timestamp":"2005-06-13-04.13.16.000867",
          "last_update_user_identifier":"BH1037A"
       },
       {  
          "id":"additional_amount_type::030",
          "type":"additional_amount_type",
          "iso_additional_amount_type_code":"030",
          "iso_additional_amount_type_description":"GIFT SHOP",
          "last_update_timestamp":"2005-06-13-04.17.43.000276",
          "last_update_user_identifier":"BH1037A"
       },
       {  
          "id":"additional_amount_type::031",
          "type":"additional_amount_type",
          "iso_additional_amount_type_code":"031",
          "iso_additional_amount_type_description":"PRO SHOP",
          "last_update_timestamp":"2005-06-13-04.05.34.000259",
          "last_update_user_identifier":"BH1037A"
       },
       {  
          "id":"additional_amount_type::032",
          "type":"additional_amount_type",
          "iso_additional_amount_type_code":"032",
          "iso_additional_amount_type_description":"PARKING",
          "last_update_timestamp":"2005-06-13-04.06.30.000822",
          "last_update_user_identifier":"BH1037A"
       },
       {  
          "id":"additional_amount_type::033",
          "type":"additional_amount_type",
          "iso_additional_amount_type_code":"033",
          "iso_additional_amount_type_description":"PET FEES",
          "last_update_timestamp":"2005-06-13-04.06.20.000537",
          "last_update_user_identifier":"BH1037A"
       },
       {  
          "id":"additional_amount_type::034",
          "type":"additional_amount_type",
          "iso_additional_amount_type_code":"034",
          "iso_additional_amount_type_description":"TOURS",
          "last_update_timestamp":"2005-06-13-04.06.23.000679",
          "last_update_user_identifier":"BH1037A"
       },
       {  
          "id":"additional_amount_type::035",
          "type":"additional_amount_type",
          "iso_additional_amount_type_code":"035",
          "iso_additional_amount_type_description":"EQUIPMENT RENTAL",
          "last_update_timestamp":"2005-06-13-04.06.57.000317",
          "last_update_user_identifier":"BH1037A"
       },
       {  
          "id":"additional_amount_type::036",
          "type":"additional_amount_type",
          "iso_additional_amount_type_code":"036",
          "iso_additional_amount_type_description":"BUSINESS CENTER",
          "last_update_timestamp":"2005-06-13-04.04.12.000738",
          "last_update_user_identifier":"BH1037A"
       },
       {  
          "id":"additional_amount_type::037",
          "type":"additional_amount_type",
          "iso_additional_amount_type_code":"037",
          "iso_additional_amount_type_description":"CONVENTION FEES",
          "last_update_timestamp":"2005-06-13-04.13.18.000673",
          "last_update_user_identifier":"BH1037A"
       },
       {  
          "id":"additional_amount_type::038",
          "type":"additional_amount_type",
          "iso_additional_amount_type_code":"038",
          "iso_additional_amount_type_description":"MEETING/CONFERENCE CHARGES",
          "last_update_timestamp":"2005-06-13-04.05.55.000397",
          "last_update_user_identifier":"BH1037A"
       },
       {  
          "id":"additional_amount_type::039",
          "type":"additional_amount_type",
          "iso_additional_amount_type_code":"039",
          "iso_additional_amount_type_description":"NO SHOW CHARGE",
          "last_update_timestamp":"2005-06-13-04.20.19.000718",
          "last_update_user_identifier":"BH1037A"
       },
       {  
          "id":"additional_amount_type::040",
          "type":"additional_amount_type",
          "iso_additional_amount_type_code":"040",
          "iso_additional_amount_type_description":"EXPRESS SERVICE CHARGE",
          "last_update_timestamp":"2005-06-13-04.07.05.000078",
          "last_update_user_identifier":"BH1037A"
       },
       {  
          "id":"additional_amount_type::041",
          "type":"additional_amount_type",
          "iso_additional_amount_type_code":"041",
          "iso_additional_amount_type_description":"CHGS ADDED AFTER CHECK-OUT/DEPTR",
          "last_update_timestamp":"2005-06-13-22.06.43.000859",
          "last_update_user_identifier":"BH1037A"
       },
       {  
          "id":"additional_amount_type::042",
          "type":"additional_amount_type",
          "iso_additional_amount_type_code":"042",
          "iso_additional_amount_type_description":"OTHER CHARGES",
          "last_update_timestamp":"2005-06-13-04.09.03.000086",
          "last_update_user_identifier":"BH1037A"
       },
       {  
          "id":"additional_amount_type::043",
          "type":"additional_amount_type",
          "iso_additional_amount_type_code":"043",
          "iso_additional_amount_type_description":"TICKET TAX",
          "last_update_timestamp":"2005-06-13-04.12.54.000647",
          "last_update_user_identifier":"BH1037A"
       },
       {  
          "id":"additional_amount_type::044",
          "type":"additional_amount_type",
          "iso_additional_amount_type_code":"044",
          "iso_additional_amount_type_description":"AIR WAYBILL TAX",
          "last_update_timestamp":"2005-06-13-04.15.00.000269",
          "last_update_user_identifier":"BH1037A"
       },
       {  
          "id":"additional_amount_type::045",
          "type":"additional_amount_type",
          "iso_additional_amount_type_code":"045",
          "iso_additional_amount_type_description":"BOLLO TAX",
          "last_update_timestamp":"2005-06-13-04.13.15.000867",
          "last_update_user_identifier":"BH1037A"
       },
       {  
          "id":"additional_amount_type::046",
          "type":"additional_amount_type",
          "iso_additional_amount_type_code":"046",
          "iso_additional_amount_type_description":"MISCELLANEOUS TAX",
          "last_update_timestamp":"2005-06-13-04.07.08.000912",
          "last_update_user_identifier":"BH1037A"
       },
       {  
          "id":"additional_amount_type::047",
          "type":"additional_amount_type",
          "iso_additional_amount_type_code":"047",
          "iso_additional_amount_type_description":"REWARD PROGRAM TRANSACTION",
          "last_update_timestamp":"2005-06-13-04.14.22.000202",
          "last_update_user_identifier":"BH1037A"
       },
       {  
          "id":"additional_amount_type::048",
          "type":"additional_amount_type",
          "iso_additional_amount_type_code":"048",
          "iso_additional_amount_type_description":"SURCHARGE",
          "last_update_timestamp":"2005-06-13-04.14.10.000324",
          "last_update_user_identifier":"BH1037A"
       },
       {  
          "id":"additional_amount_type::049",
          "type":"additional_amount_type",
          "iso_additional_amount_type_code":"049",
          "iso_additional_amount_type_description":"ORDER PROCESSING CHARGES",
          "last_update_timestamp":"2005-12-18-22.55.55.000178",
          "last_update_user_identifier":"BH3020A"
       },
       {  
          "id":"additional_amount_type::050",
          "type":"additional_amount_type",
          "iso_additional_amount_type_code":"050",
          "iso_additional_amount_type_description":"CONVENIENCE CHARGE",
          "last_update_timestamp":"2005-12-18-23.06.12.000852",
          "last_update_user_identifier":"BH3020A"
       },
       {  
          "id":"additional_amount_type::051",
          "type":"additional_amount_type",
          "iso_additional_amount_type_code":"051",
          "iso_additional_amount_type_description":"DELIVERY CHARGE",
          "last_update_timestamp":"2005-12-18-23.04.11.000467",
          "last_update_user_identifier":"BH3020A"
       },
       {  
          "id":"additional_amount_type::052",
          "type":"additional_amount_type",
          "iso_additional_amount_type_code":"052",
          "iso_additional_amount_type_description":"INSURANCE PURCHASED",
          "last_update_timestamp":"2005-12-18-23.11.19.000247",
          "last_update_user_identifier":"BH3020A"
       },
       {  
          "id":"additional_amount_type::053",
          "type":"additional_amount_type",
          "iso_additional_amount_type_code":"053",
          "iso_additional_amount_type_description":"DISCOUNT",
          "last_update_timestamp":"2005-12-18-23.03.18.000896",
          "last_update_user_identifier":"BH3020A"
       },
       {  
          "id":"additional_amount_type::054",
          "type":"additional_amount_type",
          "iso_additional_amount_type_code":"054",
          "iso_additional_amount_type_description":"TICKETS/VIOLATIONS",
          "last_update_timestamp":"2005-12-18-23.04.58.000884",
          "last_update_user_identifier":"BH3020A"
       },
       {  
          "id":"additional_amount_type::055",
          "type":"additional_amount_type",
          "iso_additional_amount_type_code":"055",
          "iso_additional_amount_type_description":"FREIGHT/SHIPPING/HANDLING",
          "last_update_timestamp":"2004-05-13-23.00.00.000061",
          "last_update_user_identifier":"BG7218A"
       },
       {  
          "id":"additional_amount_type::056",
          "type":"additional_amount_type",
          "iso_additional_amount_type_code":"056",
          "iso_additional_amount_type_description":"SALES TAX",
          "last_update_timestamp":"1998-07-28-13.35.56.000573",
          "last_update_user_identifier":"PC6163A"
       },
       {  
          "id":"additional_amount_type::057",
          "type":"additional_amount_type",
          "iso_additional_amount_type_code":"057",
          "iso_additional_amount_type_description":"VALUE ADDED TAX(VAT)",
          "last_update_timestamp":"1998-07-28-13.25.58.000732",
          "last_update_user_identifier":"PC6163A"
       },
       {  
          "id":"additional_amount_type::058",
          "type":"additional_amount_type",
          "iso_additional_amount_type_code":"058",
          "iso_additional_amount_type_description":"TIP/GRATUITY",
          "last_update_timestamp":"1998-07-28-13.26.01.000238",
          "last_update_user_identifier":"PC6163A"
       },
       {  
          "id":"additional_amount_type::059",
          "type":"additional_amount_type",
          "iso_additional_amount_type_code":"059",
          "iso_additional_amount_type_description":"AUTOMATIC TELLER MACHINE(ATM) FEE",
          "last_update_timestamp":"1998-07-28-13.26.04.000119",
          "last_update_user_identifier":"PC6163A"
       },
       {  
          "id":"additional_amount_type::060",
          "type":"additional_amount_type",
          "iso_additional_amount_type_code":"060",
          "iso_additional_amount_type_description":"AUTO RENTAL ADJUSTMENT",
          "last_update_timestamp":"1998-07-28-13.26.06.000839",
          "last_update_user_identifier":"PC6163A"
       },
       {  
          "id":"additional_amount_type::061",
          "type":"additional_amount_type",
          "iso_additional_amount_type_code":"061",
          "iso_additional_amount_type_description":"FUEL CHARGE",
          "last_update_timestamp":"2005-12-18-23.12.03.000586",
          "last_update_user_identifier":"BH3020A"
       },
       {  
          "id":"additional_amount_type::062",
          "type":"additional_amount_type",
          "iso_additional_amount_type_code":"062",
          "iso_additional_amount_type_description":"ADDITIONAL DISTANCE",
          "last_update_timestamp":"2005-12-26-21.49.20.000305",
          "last_update_user_identifier":"BH3020A"
       },
       {  
          "id":"additional_amount_type::063",
          "type":"additional_amount_type",
          "iso_additional_amount_type_code":"063",
          "iso_additional_amount_type_description":"LATE RETURN",
          "last_update_timestamp":"2005-12-18-23.08.11.000766",
          "last_update_user_identifier":"BH3020A"
       },
       {  
          "id":"additional_amount_type::064",
          "type":"additional_amount_type",
          "iso_additional_amount_type_code":"064",
          "iso_additional_amount_type_description":"REPAIRS",
          "last_update_timestamp":"2005-12-18-23.01.23.000602",
          "last_update_user_identifier":"BH3020A"
       },
       {  
          "id":"additional_amount_type::065",
          "type":"additional_amount_type",
          "iso_additional_amount_type_code":"065",
          "iso_additional_amount_type_description":"CANCELLATION ADJUSTMENT",
          "last_update_timestamp":"2005-12-18-23.07.34.000196",
          "last_update_user_identifier":"BH3020A"
       },
       {  
          "id":"additional_amount_type::066",
          "type":"additional_amount_type",
          "iso_additional_amount_type_code":"066",
          "iso_additional_amount_type_description":"POLICY ADJUSTMENT",
          "last_update_timestamp":"2005-12-18-23.11.55.000258",
          "last_update_user_identifier":"BH3020A"
       },
       {  
          "id":"additional_amount_type::067",
          "type":"additional_amount_type",
          "iso_additional_amount_type_code":"067",
          "iso_additional_amount_type_description":"STAMP DUTY",
          "last_update_timestamp":"2005-12-18-23.05.40.000065",
          "last_update_user_identifier":"BH3020A"
       },
       {  
          "id":"additional_amount_type::068",
          "type":"additional_amount_type",
          "iso_additional_amount_type_code":"068",
          "iso_additional_amount_type_description":"EXEMPT-NO GST CHARGED",
          "last_update_timestamp":"2006-09-06-02.03.58.000353",
          "last_update_user_identifier":"BH3020A"
       },
       {  
          "id":"additional_amount_type::069",
          "type":"additional_amount_type",
          "iso_additional_amount_type_code":"069",
          "iso_additional_amount_type_description":"NOT REGISTERED-SE DOES NOT HAVE ABN",
          "last_update_timestamp":"2006-09-05-03.36.24.000209",
          "last_update_user_identifier":"BH3020A"
       },
       {  
          "id":"additional_amount_type::070",
          "type":"additional_amount_type",
          "iso_additional_amount_type_code":"070",
          "iso_additional_amount_type_description":"MIXED BUS/SUPP (EXPT/STD G/S PURCH)",
          "last_update_timestamp":"2006-09-05-03.39.27.000916",
          "last_update_user_identifier":"BH3020A"
       },
       {  
          "id":"additional_amount_type::071",
          "type":"additional_amount_type",
          "iso_additional_amount_type_code":"071",
          "iso_additional_amount_type_description":"STANDARD-FULLY TAXED",
          "last_update_timestamp":"2006-09-05-03.36.21.000383",
          "last_update_user_identifier":"BH3020A"
       },
       {  
          "id":"additional_amount_type::072",
          "type":"additional_amount_type",
          "iso_additional_amount_type_code":"072",
          "iso_additional_amount_type_description":"AGENCY COMMISSION",
          "last_update_timestamp":"2009-03-24-23.32.21.000557",
          "last_update_user_identifier":"BH8384A"
       },
       {  
          "id":"additional_amount_type::073",
          "type":"additional_amount_type",
          "iso_additional_amount_type_code":"073",
          "iso_additional_amount_type_description":"AGENCY REBATE",
          "last_update_timestamp":"2009-03-24-23.32.33.000523",
          "last_update_user_identifier":"BH8384A"
       }
    ]
 }]