[{  
    "status":{  
       "code":"CRD_0200",
       "message":"Success"
    },
    "response":[  
       {  
          "id":"card_presentment_format::01",
          "type":"card_presentment_format",
          "card_presentment_format_code":"01",
          "card_presentment_format_description":"AIRLINE",
          "effective_date":"1998-03-01",
          "end_date":"9999-12-31",
          "create_timestamp":"1998-03-23-14.47.14.000944",
          "last_update_timestamp":"1998-03-23-14.47.22.000774",
          "last_update_user_identifier":"PC6163A"
       },
       {  
          "id":"card_presentment_format::02",
          "type":"card_presentment_format",
          "card_presentment_format_code":"02",
          "card_presentment_format_description":"GRF GEN DEPT STORE",
          "effective_date":"1998-03-01",
          "end_date":"9999-12-31",
          "create_timestamp":"1998-03-23-15.00.29.000081",
          "last_update_timestamp":"1998-03-23-15.00.58.000025",
          "last_update_user_identifier":"PC6163A"
       },
       {  
          "id":"card_presentment_format::04",
          "type":"card_presentment_format",
          "card_presentment_format_code":"04",
          "card_presentment_format_description":"INSURANCE",
          "effective_date":"1998-03-01",
          "end_date":"9999-12-31",
          "create_timestamp":"1998-03-23-14.51.17.000821",
          "last_update_timestamp":"1998-03-23-14.51.52.000421",
          "last_update_user_identifier":"PC6163A"
       },
       {  
          "id":"card_presentment_format::05",
          "type":"card_presentment_format",
          "card_presentment_format_code":"05",
          "card_presentment_format_description":"AUTO RENTAL",
          "effective_date":"1998-03-01",
          "end_date":"9999-12-31",
          "create_timestamp":"1998-03-23-14.47.35.000981",
          "last_update_timestamp":"1998-03-23-14.47.43.000403",
          "last_update_user_identifier":"PC6163A"
       },
       {  
          "id":"card_presentment_format::06",
          "type":"card_presentment_format",
          "card_presentment_format_code":"06",
          "card_presentment_format_description":"RAIL",
          "effective_date":"1998-03-01",
          "end_date":"9999-12-31",
          "create_timestamp":"1998-03-23-14.56.09.000626",
          "last_update_timestamp":"1998-03-23-14.56.15.000686",
          "last_update_user_identifier":"PC6163A"
       },
       {  
          "id":"card_presentment_format::11",
          "type":"card_presentment_format",
          "card_presentment_format_code":"11",
          "card_presentment_format_description":"LODGING",
          "effective_date":"1998-03-01",
          "end_date":"9999-12-31",
          "create_timestamp":"1998-03-23-15.00.52.000045",
          "last_update_timestamp":"1998-03-23-15.00.56.000856",
          "last_update_user_identifier":"PC6163A"
       },
       {  
          "id":"card_presentment_format::12",
          "type":"card_presentment_format",
          "card_presentment_format_code":"12",
          "card_presentment_format_description":"RESTAURANT",
          "effective_date":"1998-03-01",
          "end_date":"9999-12-31",
          "create_timestamp":"1998-03-23-14.54.21.000908",
          "last_update_timestamp":"1998-03-23-14.54.26.000758",
          "last_update_user_identifier":"PC6163A"
       },
       {  
          "id":"card_presentment_format::13",
          "type":"card_presentment_format",
          "card_presentment_format_code":"13",
          "card_presentment_format_description":"COMMUNICATIONS SERV",
          "effective_date":"1998-03-01",
          "end_date":"9999-12-31",
          "create_timestamp":"1998-03-23-14.52.29.000412",
          "last_update_timestamp":"1998-03-23-14.49.32.000282",
          "last_update_user_identifier":"PC6163A"
       },
       {  
          "id":"card_presentment_format::14",
          "type":"card_presentment_format",
          "card_presentment_format_code":"14",
          "card_presentment_format_description":"TRAVEL/CRUISE",
          "effective_date":"1998-03-01",
          "end_date":"9999-12-31",
          "create_timestamp":"1998-03-23-15.01.33.000731",
          "last_update_timestamp":"1998-03-23-15.01.39.000726",
          "last_update_user_identifier":"PC6163A"
       },
       {  
          "id":"card_presentment_format::20",
          "type":"card_presentment_format",
          "card_presentment_format_code":"20",
          "card_presentment_format_description":"GEN DEPARTMENT STORE",
          "effective_date":"1998-03-01",
          "end_date":"9999-12-31",
          "create_timestamp":"1998-03-23-14.57.41.000825",
          "last_update_timestamp":"1998-03-23-14.58.16.000722",
          "last_update_user_identifier":"PC6163A"
       },
       {  
          "id":"card_presentment_format::21",
          "type":"card_presentment_format",
          "card_presentment_format_code":"21",
          "card_presentment_format_description":"OIL COMPANY",
          "effective_date":"1998-03-01",
          "end_date":"9999-12-31",
          "create_timestamp":"1998-03-23-14.51.09.000487",
          "last_update_timestamp":"1998-03-23-14.51.14.000853",
          "last_update_user_identifier":"PC6163A"
       },
       {  
          "id":"card_presentment_format::22",
          "type":"card_presentment_format",
          "card_presentment_format_code":"22",
          "card_presentment_format_description":"EVENTS/TICKETING",
          "effective_date":"1998-03-01",
          "end_date":"9999-12-31",
          "create_timestamp":"1998-03-23-15.04.43.000627",
          "last_update_timestamp":"1998-03-23-15.04.49.000329",
          "last_update_user_identifier":"PC6163A"
       }
    ]
 }]