[{  
    "status":{  
       "code":"CRD_0200",
       "message":"Success"
    },
    "response":[  
       {  
          "id":"industry_class_of_service::00",
          "type":"industry_class_of_service",
          "class_of_service_code":"00",
          "class_of_service_text":"DATA NOT AVAILABLE",
          "create_timestamp":"2007-05-17-02.13.53.000366",
          "effective_date":"2007-05-17",
          "end_date":"9999-12-31",
          "last_update_timestamp":"2007-05-17-02.13.53.000366",
          "last_update_user_identifier":"BH3020A"
       },
       {  
          "id":"industry_class_of_service::A",
          "type":"industry_class_of_service",
          "class_of_service_code":"A",
          "class_of_service_text":"FIRST CLASS DISCOUNTed",
          "create_timestamp":"1998-12-04-11.17.03.000545",
          "effective_date":"1998-12-03",
          "end_date":"9999-12-31",
          "last_update_timestamp":"1998-12-03-10.32.18.000208",
          "last_update_user_identifier":"PE8688A"
       },
       {  
          "id":"industry_class_of_service::B",
          "type":"industry_class_of_service",
          "class_of_service_code":"B",
          "class_of_service_text":"ECONOMY/COACH DISCOUNTED",
          "create_timestamp":"1998-12-04-11.17.03.000597",
          "effective_date":"1998-12-03",
          "end_date":"9999-12-31",
          "last_update_timestamp":"1998-12-03-10.46.42.000423",
          "last_update_user_identifier":"PE8688A"
       },
       {  
          "id":"industry_class_of_service::BN",
          "type":"industry_class_of_service",
          "class_of_service_code":"BN",
          "class_of_service_text":"NIGHT ECONOMY/COACH DISCOUNTED",
          "create_timestamp":"1998-12-04-11.17.03.000606",
          "effective_date":"1998-12-03",
          "end_date":"9999-12-31",
          "last_update_timestamp":"1998-12-03-10.58.47.000993",
          "last_update_user_identifier":"PE8688A"
       },
       {  
          "id":"industry_class_of_service::C",
          "type":"industry_class_of_service",
          "class_of_service_code":"C",
          "class_of_service_text":"BUSINESS CLASS",
          "create_timestamp":"1998-12-04-11.17.03.000615",
          "effective_date":"1998-12-03",
          "end_date":"9999-12-31",
          "last_update_timestamp":"1998-12-03-10.32.27.000213",
          "last_update_user_identifier":"PE8688A"
       },
       {  
          "id":"industry_class_of_service::CN",
          "type":"industry_class_of_service",
          "class_of_service_code":"CN",
          "class_of_service_text":"NIGHT BUSINESS COACH",
          "create_timestamp":"1998-12-04-11.17.03.000624",
          "effective_date":"1998-12-03",
          "end_date":"9999-12-31",
          "last_update_timestamp":"1998-12-03-10.35.27.000969",
          "last_update_user_identifier":"PE8688A"
       },
       {  
          "id":"industry_class_of_service::D",
          "type":"industry_class_of_service",
          "class_of_service_code":"D",
          "class_of_service_text":"BUSINESS CLASS DISCOUNTed",
          "create_timestamp":"1998-12-04-11.17.03.000634",
          "effective_date":"1998-12-03",
          "end_date":"9999-12-31",
          "last_update_timestamp":"1998-12-03-10.32.31.000824",
          "last_update_user_identifier":"PE8688A"
       },
       {  
          "id":"industry_class_of_service::E",
          "type":"industry_class_of_service",
          "class_of_service_code":"E",
          "class_of_service_text":"SHUTTLE SERV (NO RES ALLOWED)",
          "create_timestamp":"1998-12-04-11.17.03.000643",
          "effective_date":"1998-12-03",
          "end_date":"9999-12-31",
          "last_update_timestamp":"1998-12-03-10.53.41.000874",
          "last_update_user_identifier":"PE8688A"
       },
       {  
          "id":"industry_class_of_service::F",
          "type":"industry_class_of_service",
          "class_of_service_code":"F",
          "class_of_service_text":"FIRST CLASS",
          "create_timestamp":"1998-12-04-11.17.03.000652",
          "effective_date":"1998-12-03",
          "end_date":"9999-12-31",
          "last_update_timestamp":"1998-12-03-10.32.13.000034",
          "last_update_user_identifier":"PE8688A"
       },
       {  
          "id":"industry_class_of_service::FN",
          "type":"industry_class_of_service",
          "class_of_service_code":"FN",
          "class_of_service_text":"NIGHT COACH IN 1ST CLASS COMP",
          "create_timestamp":"1998-12-04-11.17.03.000704",
          "effective_date":"1998-12-03",
          "end_date":"9999-12-31",
          "last_update_timestamp":"1998-12-03-10.35.08.000369",
          "last_update_user_identifier":"PE8688A"
       },
       {  
          "id":"industry_class_of_service::G",
          "type":"industry_class_of_service",
          "class_of_service_code":"G",
          "class_of_service_text":"CONDITIONAL RESERVATION",
          "create_timestamp":"2009-01-16-02.02.20.000784",
          "effective_date":"2009-01-16",
          "end_date":"9999-12-31",
          "last_update_timestamp":"2009-01-16-02.02.20.000784",
          "last_update_user_identifier":"BH8384A"
       },
       {  
          "id":"industry_class_of_service::H",
          "type":"industry_class_of_service",
          "class_of_service_code":"H",
          "class_of_service_text":"ECONOMY/COACH DISCOUNTED",
          "create_timestamp":"1998-12-04-11.17.03.000715",
          "effective_date":"1998-12-03",
          "end_date":"9999-12-31",
          "last_update_timestamp":"1998-12-03-10.48.50.000534",
          "last_update_user_identifier":"PE8688A"
       },
       {  
          "id":"industry_class_of_service::I",
          "type":"industry_class_of_service",
          "class_of_service_code":"I",
          "class_of_service_text":"BUSINESS CLASS DISCOUNTED",
          "create_timestamp":"2009-01-16-02.00.43.000201",
          "effective_date":"2009-01-16",
          "end_date":"9999-12-31",
          "last_update_timestamp":"2009-01-16-02.00.43.000201",
          "last_update_user_identifier":"BH8384A"
       },
       {  
          "id":"industry_class_of_service::J",
          "type":"industry_class_of_service",
          "class_of_service_code":"J",
          "class_of_service_text":"BUSINESS CLASS PREMIUM",
          "create_timestamp":"1998-12-04-11.17.03.000724",
          "effective_date":"1998-12-03",
          "end_date":"9999-12-31",
          "last_update_timestamp":"1998-12-03-10.32.22.000477",
          "last_update_user_identifier":"PE8688A"
       },
       {  
          "id":"industry_class_of_service::K",
          "type":"industry_class_of_service",
          "class_of_service_code":"K",
          "class_of_service_text":"ECONOMY/COACH DISCOUNTED",
          "create_timestamp":"1998-12-04-11.17.03.000734",
          "effective_date":"1998-12-03",
          "end_date":"9999-12-31",
          "last_update_timestamp":"1998-12-03-10.45.03.000518",
          "last_update_user_identifier":"PE8688A"
       },
       {  
          "id":"industry_class_of_service::KN",
          "type":"industry_class_of_service",
          "class_of_service_code":"KN",
          "class_of_service_text":"NIGHT ECONOMY/COACH DISCOUNTED",
          "create_timestamp":"1998-12-04-11.17.03.000743",
          "effective_date":"1998-12-03",
          "end_date":"9999-12-31",
          "last_update_timestamp":"1998-12-03-10.45.45.000695",
          "last_update_user_identifier":"PE8688A"
       },
       {  
          "id":"industry_class_of_service::L",
          "type":"industry_class_of_service",
          "class_of_service_code":"L",
          "class_of_service_text":"ECONOMY/COACH DISCOUNTED",
          "create_timestamp":"1998-12-04-11.17.03.000752",
          "effective_date":"1998-12-03",
          "end_date":"9999-12-31",
          "last_update_timestamp":"1998-12-03-10.57.52.000434",
          "last_update_user_identifier":"PE8688A"
       },
       {  
          "id":"industry_class_of_service::M",
          "type":"industry_class_of_service",
          "class_of_service_code":"M",
          "class_of_service_text":"ECONOMY/COACH DISCOUNTED",
          "create_timestamp":"1998-12-04-11.17.03.000762",
          "effective_date":"1998-12-03",
          "end_date":"9999-12-31",
          "last_update_timestamp":"1998-12-03-10.42.34.000665",
          "last_update_user_identifier":"PE8688A"
       },
       {  
          "id":"industry_class_of_service::N",
          "type":"industry_class_of_service",
          "class_of_service_code":"N",
          "class_of_service_text":"ECONOMY/COACH DISCOUNTED",
          "create_timestamp":"2009-01-16-02.06.08.000335",
          "effective_date":"2009-01-16",
          "end_date":"9999-12-31",
          "last_update_timestamp":"2009-01-16-02.06.08.000335",
          "last_update_user_identifier":"BH8384A"
       },
       {  
          "id":"industry_class_of_service::O",
          "type":"industry_class_of_service",
          "class_of_service_code":"O",
          "class_of_service_text":"FOR INDIVIDUAL AIRLINE USE(ECO",
          "create_timestamp":"2009-01-16-02.06.18.000794",
          "effective_date":"2009-01-16",
          "end_date":"9999-12-31",
          "last_update_timestamp":"2009-01-16-02.06.18.000794",
          "last_update_user_identifier":"BH8384A"
       },
       {  
          "id":"industry_class_of_service::P",
          "type":"industry_class_of_service",
          "class_of_service_code":"P",
          "class_of_service_text":"FIRST CLASS PREMIUM",
          "create_timestamp":"1998-12-04-11.17.03.000771",
          "effective_date":"1998-12-03",
          "end_date":"9999-12-31",
          "last_update_timestamp":"1998-12-03-10.32.08.000681",
          "last_update_user_identifier":"PE8688A"
       },
       {  
          "id":"industry_class_of_service::Q",
          "type":"industry_class_of_service",
          "class_of_service_code":"Q",
          "class_of_service_text":"ECONOMY/COACH DISCOUNTED",
          "create_timestamp":"1998-12-04-11.08.49.000878",
          "effective_date":"1998-12-03",
          "end_date":"9999-12-31",
          "last_update_timestamp":"1998-12-03-10.53.22.000774",
          "last_update_user_identifier":"PE8688A"
       },
       {  
          "id":"industry_class_of_service::QN",
          "type":"industry_class_of_service",
          "class_of_service_code":"QN",
          "class_of_service_text":"NIGHT ECONOMY/COACH DISCOUNTED",
          "create_timestamp":"1998-12-04-11.17.03.000789",
          "effective_date":"1998-12-03",
          "end_date":"9999-12-31",
          "last_update_timestamp":"1998-12-03-10.56.52.000848",
          "last_update_user_identifier":"PE8688A"
       },
       {  
          "id":"industry_class_of_service::R",
          "type":"industry_class_of_service",
          "class_of_service_code":"R",
          "class_of_service_text":"SUPERSONIC AIRCRAFT",
          "create_timestamp":"1998-12-04-11.17.03.000798",
          "effective_date":"1998-12-03",
          "end_date":"9999-12-31",
          "last_update_timestamp":"1998-12-03-10.27.42.000313",
          "last_update_user_identifier":"PE8688A"
       },
       {  
          "id":"industry_class_of_service::S",
          "type":"industry_class_of_service",
          "class_of_service_code":"S",
          "class_of_service_text":"ECONOMY/COACH",
          "create_timestamp":"1998-12-04-11.17.03.000807",
          "effective_date":"1998-12-03",
          "end_date":"9999-12-31",
          "last_update_timestamp":"1998-12-03-10.32.38.000978",
          "last_update_user_identifier":"PE8688A"
       },
       {  
          "id":"industry_class_of_service::T",
          "type":"industry_class_of_service",
          "class_of_service_code":"T",
          "class_of_service_text":"ECONOMY/COACH DISCOUNTED",
          "create_timestamp":"1998-12-04-11.17.03.000816",
          "effective_date":"1998-12-03",
          "end_date":"9999-12-31",
          "last_update_timestamp":"1998-12-03-10.51.04.000211",
          "last_update_user_identifier":"PE8688A"
       },
       {  
          "id":"industry_class_of_service::U",
          "type":"industry_class_of_service",
          "class_of_service_code":"U",
          "class_of_service_text":"SHUTTLE SERV (NO RES/SEAT GUAR",
          "create_timestamp":"1998-12-04-11.17.03.000825",
          "effective_date":"1998-12-03",
          "end_date":"9999-12-31",
          "last_update_timestamp":"1998-12-03-10.49.15.000241",
          "last_update_user_identifier":"PE8688A"
       },
       {  
          "id":"industry_class_of_service::V",
          "type":"industry_class_of_service",
          "class_of_service_code":"V",
          "class_of_service_text":"ECONOMY/COACH DISCOUNTED",
          "create_timestamp":"1998-12-04-11.17.03.000834",
          "effective_date":"1998-12-03",
          "end_date":"9999-12-31",
          "last_update_timestamp":"1998-12-03-10.43.02.000171",
          "last_update_user_identifier":"PE8688A"
       },
       {  
          "id":"industry_class_of_service::VN",
          "type":"industry_class_of_service",
          "class_of_service_code":"VN",
          "class_of_service_text":"NIGHT ECONOMY/COACH DISCOUNTED",
          "create_timestamp":"1998-12-04-11.17.03.000843",
          "effective_date":"1998-12-03",
          "end_date":"9999-12-31",
          "last_update_timestamp":"1998-12-03-10.45.23.000356",
          "last_update_user_identifier":"PE8688A"
       },
       {  
          "id":"industry_class_of_service::W",
          "type":"industry_class_of_service",
          "class_of_service_code":"W",
          "class_of_service_text":"ECONOMY/COACH PREMIUM",
          "create_timestamp":"1998-12-04-11.17.03.000852",
          "effective_date":"1998-12-03",
          "end_date":"9999-12-31",
          "last_update_timestamp":"1998-12-03-10.31.48.000205",
          "last_update_user_identifier":"PE8688A"
       },
       {  
          "id":"industry_class_of_service::X",
          "type":"industry_class_of_service",
          "class_of_service_code":"X",
          "class_of_service_text":"ECONOMY/COACH DISCOUNTED",
          "create_timestamp":"2009-01-16-02.06.34.000605",
          "effective_date":"2009-01-16",
          "end_date":"9999-12-31",
          "last_update_timestamp":"2009-01-16-02.06.34.000605",
          "last_update_user_identifier":"BH8384A"
       },
       {  
          "id":"industry_class_of_service::Y",
          "type":"industry_class_of_service",
          "class_of_service_code":"Y",
          "class_of_service_text":"ECONOMY/COACH",
          "create_timestamp":"1998-12-04-11.17.03.000861",
          "effective_date":"1998-12-03",
          "end_date":"9999-12-31",
          "last_update_timestamp":"1998-12-03-10.41.54.000694",
          "last_update_user_identifier":"PE8688A"
       },
       {  
          "id":"industry_class_of_service::YN",
          "type":"industry_class_of_service",
          "class_of_service_code":"YN",
          "class_of_service_text":"NIGHT ECONOMY/COACH",
          "create_timestamp":"1998-12-04-11.08.49.000887",
          "effective_date":"1998-12-03",
          "end_date":"9999-12-31",
          "last_update_timestamp":"1998-12-03-10.36.41.000033",
          "last_update_user_identifier":"PE8688A"
       },
       {  
          "id":"industry_class_of_service::Z",
          "type":"industry_class_of_service",
          "class_of_service_code":"Z",
          "class_of_service_text":"BUSINESS CLASS DISCOUNTED",
          "create_timestamp":"2009-01-16-02.06.59.000133",
          "effective_date":"2009-01-16",
          "end_date":"9999-12-31",
          "last_update_timestamp":"2009-01-16-02.06.59.000133",
          "last_update_user_identifier":"BH8384A"
       }
    ]
 }]