[{  
    "status":{  
       "code":"CRD_0200",
       "message":"Success"
    },
    "response":[  
       {  
          "id":"travel_document_type::00",
          "type":"travel_document_type",
          "air_document_type_code":"00",
          "air_transaction_type_code":"MSC",
          "air_document_type_text":"DATA NOT AVAILABLE",
          "air_transaction_type_text":"MISCELLANEOUS"
       },
       {  
          "id":"travel_document_type::01",
          "type":"travel_document_type",
          "air_document_type_code":"01",
          "air_transaction_type_code":"TKT",
          "air_document_type_text":"PASSENGER TICKET",
          "air_transaction_type_text":"TICKET"
       },
       {  
          "id":"travel_document_type::02",
          "type":"travel_document_type",
          "air_document_type_code":"02",
          "air_transaction_type_code":"MSC",
          "air_document_type_text":"ADDITIONAL COLLECTION",
          "air_transaction_type_text":"MISCELLANEOUS"
       },
       {  
          "id":"travel_document_type::03",
          "type":"travel_document_type",
          "air_document_type_code":"03",
          "air_transaction_type_code":"MSC",
          "air_document_type_text":"EXCESS BAGGAGE",
          "air_transaction_type_text":"MISCELLANEOUS"
       },
       {  
          "id":"travel_document_type::04",
          "type":"travel_document_type",
          "air_document_type_code":"04",
          "air_transaction_type_code":"TKT",
          "air_document_type_text":"MISC. CHARGE ORDER (MCO)/PREPAID TICKET AUTH",
          "air_transaction_type_text":"TICKET"
       },
       {  
          "id":"travel_document_type::05",
          "type":"travel_document_type",
          "air_document_type_code":"05",
          "air_transaction_type_code":"TKT",
          "air_document_type_text":"SPECIAL SERVICE TICKET",
          "air_transaction_type_text":"TICKET"
       },
       {  
          "id":"travel_document_type::06",
          "type":"travel_document_type",
          "air_document_type_code":"06",
          "air_transaction_type_code":"REF",
          "air_document_type_text":"SUPPORTED REFUND",
          "air_transaction_type_text":"REFUND"
       },
       {  
          "id":"travel_document_type::07",
          "type":"travel_document_type",
          "air_document_type_code":"07",
          "air_transaction_type_code":"REF",
          "air_document_type_text":"UNSUPPORTED REFUND",
          "air_transaction_type_text":"REFUND"
       },
       {  
          "id":"travel_document_type::08",
          "type":"travel_document_type",
          "air_document_type_code":"08",
          "air_transaction_type_code":"MSC",
          "air_document_type_text":"LOST TICKET APPLICATION",
          "air_transaction_type_text":"MISCELLANEOUS"
       },
       {  
          "id":"travel_document_type::09",
          "type":"travel_document_type",
          "air_document_type_code":"09",
          "air_transaction_type_code":"TKT",
          "air_document_type_text":"TOUR ORDER VOUCHER",
          "air_transaction_type_text":"TICKET"
       },
       {  
          "id":"travel_document_type::10",
          "type":"travel_document_type",
          "air_document_type_code":"10",
          "air_transaction_type_code":"TKT",
          "air_document_type_text":"TICKET BY MAIL",
          "air_transaction_type_text":"TICKET"
       },
       {  
          "id":"travel_document_type::11",
          "type":"travel_document_type",
          "air_document_type_code":"11",
          "air_transaction_type_code":"MSC",
          "air_document_type_text":"UNDERCHARGE ADJUSTMENT",
          "air_transaction_type_text":"MISCELLANEOUS"
       },
       {  
          "id":"travel_document_type::12",
          "type":"travel_document_type",
          "air_document_type_code":"12",
          "air_transaction_type_code":"TKT",
          "air_document_type_text":"GROUP TICKET",
          "air_transaction_type_text":"TICKET"
       },
       {  
          "id":"travel_document_type::13",
          "type":"travel_document_type",
          "air_document_type_code":"13",
          "air_transaction_type_code":"MSC",
          "air_document_type_text":"EXCHANGE ADJUSTMENT",
          "air_transaction_type_text":"MISCELLANEOUS"
       },
       {  
          "id":"travel_document_type::14",
          "type":"travel_document_type",
          "air_document_type_code":"14",
          "air_transaction_type_code":"MSC",
          "air_document_type_text":"SPD/AIR FREIGHT",
          "air_transaction_type_text":"MISCELLANEOUS"
       },
       {  
          "id":"travel_document_type::15",
          "type":"travel_document_type",
          "air_document_type_code":"15",
          "air_transaction_type_code":"MSC",
          "air_document_type_text":"INFLIGHT ADJUSTMENT",
          "air_transaction_type_text":"MISCELLANEOUS"
       },
       {  
          "id":"travel_document_type::16",
          "type":"travel_document_type",
          "air_document_type_code":"16",
          "air_transaction_type_code":"TKT",
          "air_document_type_text":"AGENCY PASSENGER TICKET",
          "air_transaction_type_text":"TICKET"
       },
       {  
          "id":"travel_document_type::17",
          "type":"travel_document_type",
          "air_document_type_code":"17",
          "air_transaction_type_code":"TKT",
          "air_document_type_text":"AGENCY TOUR ORDER/VOUCHER",
          "air_transaction_type_text":"TICKET"
       },
       {  
          "id":"travel_document_type::18",
          "type":"travel_document_type",
          "air_document_type_code":"18",
          "air_transaction_type_code":"TKT",
          "air_document_type_text":"AGENCY MISC. CHARGE ORDER (MCO)",
          "air_transaction_type_text":"TICKET"
       },
       {  
          "id":"travel_document_type::19",
          "type":"travel_document_type",
          "air_document_type_code":"19",
          "air_transaction_type_code":"MSC",
          "air_document_type_text":"AGENCY EXCHANGE ORDER",
          "air_transaction_type_text":"MISCELLANEOUS"
       },
       {  
          "id":"travel_document_type::20",
          "type":"travel_document_type",
          "air_document_type_code":"20",
          "air_transaction_type_code":"TKT",
          "air_document_type_text":"AGENCY GROUP TICKET",
          "air_transaction_type_text":"TICKET"
       },
       {  
          "id":"travel_document_type::21",
          "type":"travel_document_type",
          "air_document_type_code":"21",
          "air_transaction_type_code":"MSC",
          "air_document_type_text":"DEBIT ADJUSTMENT DUPLICATE REFUND/USE",
          "air_transaction_type_text":"MISCELLANEOUS"
       },
       {  
          "id":"travel_document_type::22",
          "type":"travel_document_type",
          "air_document_type_code":"22",
          "air_transaction_type_code":"MSC",
          "air_document_type_text":"INFLIGHT MERCHANDISE ORDERED",
          "air_transaction_type_text":"MISCELLANEOUS"
       },
       {  
          "id":"travel_document_type::23",
          "type":"travel_document_type",
          "air_document_type_code":"23",
          "air_transaction_type_code":"MSC",
          "air_document_type_text":"CATALOGUE MERCHANDISE ORDERED",
          "air_transaction_type_text":"MISCELLANEOUS"
       },
       {  
          "id":"travel_document_type::24",
          "type":"travel_document_type",
          "air_document_type_code":"24",
          "air_transaction_type_code":"MSC",
          "air_document_type_text":"INFLIGHT PHONE CHARGES",
          "air_transaction_type_text":"MISCELLANEOUS"
       },
       {  
          "id":"travel_document_type::25",
          "type":"travel_document_type",
          "air_document_type_code":"25",
          "air_transaction_type_code":"MSC",
          "air_document_type_text":"FREQUENT FLYER FEE/PURCHASE",
          "air_transaction_type_text":"MISCELLANEOUS"
       },
       {  
          "id":"travel_document_type::26",
          "type":"travel_document_type",
          "air_document_type_code":"26",
          "air_transaction_type_code":"MSC",
          "air_document_type_text":"KENNEL CHARGE",
          "air_transaction_type_text":"MISCELLANEOUS"
       },
       {  
          "id":"travel_document_type::27",
          "type":"travel_document_type",
          "air_document_type_code":"27",
          "air_transaction_type_code":"MSC",
          "air_document_type_text":"ANIMAL TRANSPORTATION CHARGE",
          "air_transaction_type_text":"MISCELLANEOUS"
       },
       {  
          "id":"travel_document_type::28",
          "type":"travel_document_type",
          "air_document_type_code":"28",
          "air_transaction_type_code":"MSC",
          "air_document_type_text":"FIREARMS CASE",
          "air_transaction_type_text":"MISCELLANEOUS"
       },
       {  
          "id":"travel_document_type::29",
          "type":"travel_document_type",
          "air_document_type_code":"29",
          "air_transaction_type_code":"MSC",
          "air_document_type_text":"UPGRADE CHARGE",
          "air_transaction_type_text":"MISCELLANEOUS"
       },
       {  
          "id":"travel_document_type::30",
          "type":"travel_document_type",
          "air_document_type_code":"30",
          "air_transaction_type_code":"REF",
          "air_document_type_text":"CREDIT UNUSED TRANSPORTATION",
          "air_transaction_type_text":"REFUND"
       },
       {  
          "id":"travel_document_type::31",
          "type":"travel_document_type",
          "air_document_type_code":"31",
          "air_transaction_type_code":"MSC",
          "air_document_type_text":"CREDIT CLASS OF SERVICE ADJUSTMENT",
          "air_transaction_type_text":"MISCELLANEOUS"
       },
       {  
          "id":"travel_document_type::32",
          "type":"travel_document_type",
          "air_document_type_code":"32",
          "air_transaction_type_code":"REF",
          "air_document_type_text":"CREDIT DENIED BOARDING",
          "air_transaction_type_text":"REFUND"
       },
       {  
          "id":"travel_document_type::33",
          "type":"travel_document_type",
          "air_document_type_code":"33",
          "air_transaction_type_code":"MSC",
          "air_document_type_text":"CREDIT MISC. REFUND",
          "air_transaction_type_text":"MISCELLANEOUS"
       },
       {  
          "id":"travel_document_type::34",
          "type":"travel_document_type",
          "air_document_type_code":"34",
          "air_transaction_type_code":"REF",
          "air_document_type_text":"CREDIT LOST TICKET REFUND",
          "air_transaction_type_text":"REFUND"
       },
       {  
          "id":"travel_document_type::35",
          "type":"travel_document_type",
          "air_document_type_code":"35",
          "air_transaction_type_code":"REF",
          "air_document_type_text":"CREDIT EXCHANGE REFUND",
          "air_transaction_type_text":"REFUND"
       },
       {  
          "id":"travel_document_type::36",
          "type":"travel_document_type",
          "air_document_type_code":"36",
          "air_transaction_type_code":"MSC",
          "air_document_type_text":"CREDIT OVERCHARGE ADJUSTMENT",
          "air_transaction_type_text":"MISCELLANEOUS"
       },
       {  
          "id":"travel_document_type::37",
          "type":"travel_document_type",
          "air_document_type_code":"37",
          "air_transaction_type_code":"REF",
          "air_document_type_text":"CREDIT MULTIPLE UNUSED TICKETS",
          "air_transaction_type_text":"REFUND"
       },
       {  
          "id":"travel_document_type::38",
          "type":"travel_document_type",
          "air_document_type_code":"38",
          "air_transaction_type_code":"MSC",
          "air_document_type_text":"EXCHANGE ORDER",
          "air_transaction_type_text":"MISCELLANEOUS"
       },
       {  
          "id":"travel_document_type::39",
          "type":"travel_document_type",
          "air_document_type_code":"39",
          "air_transaction_type_code":"TKT",
          "air_document_type_text":"SELF-SERVICE TICKET(S)",
          "air_transaction_type_text":"TICKET"
       },
       {  
          "id":"travel_document_type::40",
          "type":"travel_document_type",
          "air_document_type_code":"40",
          "air_transaction_type_code":"MSC",
          "air_document_type_text":"INFLIGHT DUTY FREE PURCHASE",
          "air_transaction_type_text":"MISCELLANEOUS"
       },
       {  
          "id":"travel_document_type::41",
          "type":"travel_document_type",
          "air_document_type_code":"41",
          "air_transaction_type_code":"MSC",
          "air_document_type_text":"INFLIGHT DUTY-FREE PURCHASE",
          "air_transaction_type_text":"MISCELLANEOUS"
       },
       {  
          "id":"travel_document_type::42",
          "type":"travel_document_type",
          "air_document_type_code":"42",
          "air_transaction_type_code":"MSC",
          "air_document_type_text":"SENIOR CITIZEN DISCOUNT BOOKLETS",
          "air_transaction_type_text":"MISCELLANEOUS"
       },
       {  
          "id":"travel_document_type::43",
          "type":"travel_document_type",
          "air_document_type_code":"43",
          "air_transaction_type_code":"MSC",
          "air_document_type_text":"CLUB MEMBERSHIP FEE",
          "air_transaction_type_text":"MISCELLANEOUS"
       },
       {  
          "id":"travel_document_type::44",
          "type":"travel_document_type",
          "air_document_type_code":"44",
          "air_transaction_type_code":"MSC",
          "air_document_type_text":"COUPON BOOK",
          "air_transaction_type_text":"MISCELLANEOUS"
       },
       {  
          "id":"travel_document_type::45",
          "type":"travel_document_type",
          "air_document_type_code":"45",
          "air_transaction_type_code":"MSC",
          "air_document_type_text":"INFLIGHT CHARGES",
          "air_transaction_type_text":"MISCELLANEOUS"
       },
       {  
          "id":"travel_document_type::46",
          "type":"travel_document_type",
          "air_document_type_code":"46",
          "air_transaction_type_code":"MSC",
          "air_document_type_text":"TOUR DEPOSIT",
          "air_transaction_type_text":"MISCELLANEOUS"
       },
       {  
          "id":"travel_document_type::47",
          "type":"travel_document_type",
          "air_document_type_code":"47",
          "air_transaction_type_code":"MSC",
          "air_document_type_text":"FREQUENT FLIER OVERNIGHT DELIVERY CHARGE",
          "air_transaction_type_text":"MISCELLANEOUS"
       },
       {  
          "id":"travel_document_type::48",
          "type":"travel_document_type",
          "air_document_type_code":"48",
          "air_transaction_type_code":"MSC",
          "air_document_type_text":"FREQUENT FLYER FULFILLMENT",
          "air_transaction_type_text":"MISCELLANEOUS"
       },
       {  
          "id":"travel_document_type::49",
          "type":"travel_document_type",
          "air_document_type_code":"49",
          "air_transaction_type_code":"MSC",
          "air_document_type_text":"SMALL PACKAGE DELIVERY",
          "air_transaction_type_text":"MISCELLANEOUS"
       },
       {  
          "id":"travel_document_type::50",
          "type":"travel_document_type",
          "air_document_type_code":"50",
          "air_transaction_type_code":"MSC",
          "air_document_type_text":"VENDOR SALE",
          "air_transaction_type_text":"MISCELLANEOUS"
       },
       {  
          "id":"travel_document_type::51",
          "type":"travel_document_type",
          "air_document_type_code":"51",
          "air_transaction_type_code":"MSC",
          "air_document_type_text":"MISCELLANEOUS TAX(ES)/FEE(S)",
          "air_transaction_type_text":"MISCELLANEOUS"
       },
       {  
          "id":"travel_document_type::52",
          "type":"travel_document_type",
          "air_document_type_code":"52",
          "air_transaction_type_code":"MSC",
          "air_document_type_text":"TRAVEL AGENCY FEE",
          "air_transaction_type_text":"MISCELLANEOUS"
       },
       {  
          "id":"travel_document_type::60",
          "type":"travel_document_type",
          "air_document_type_code":"60",
          "air_transaction_type_code":"REF",
          "air_document_type_text":"VENDOR REFUND CREDIT",
          "air_transaction_type_text":"REFUND"
       },
       {  
          "id":"travel_document_type::64",
          "type":"travel_document_type",
          "air_document_type_code":"64",
          "air_transaction_type_code":"MSC",
          "air_document_type_text":"DUTY FREE SALE",
          "air_transaction_type_text":"MISCELLANEOUS"
       },
       {  
          "id":"travel_document_type::65",
          "type":"travel_document_type",
          "air_document_type_code":"65",
          "air_transaction_type_code":"MSC",
          "air_document_type_text":"PREFERRED SEAT UPGRADE",
          "air_transaction_type_text":"MISCELLANEOUS"
       },
       {  
          "id":"travel_document_type::66",
          "type":"travel_document_type",
          "air_document_type_code":"66",
          "air_transaction_type_code":"MSC",
          "air_document_type_text":"CABIN UPGRADE",
          "air_transaction_type_text":"MISCELLANEOUS"
       },
       {  
          "id":"travel_document_type::67",
          "type":"travel_document_type",
          "air_document_type_code":"67",
          "air_transaction_type_code":"MSC",
          "air_document_type_text":"LOUNGE/CLUB ACCESS OR DAY PASS",
          "air_transaction_type_text":"MISCELLANEOUS"
       },
       {  
          "id":"travel_document_type::68",
          "type":"travel_document_type",
          "air_document_type_code":"68",
          "air_transaction_type_code":"MSC",
          "air_document_type_text":"AGENT ASSISTED RESV.TICKETING FEE",
          "air_transaction_type_text":"MISCELLANEOUS"
       },
       {  
          "id":"travel_document_type::69",
          "type":"travel_document_type",
          "air_document_type_code":"69",
          "air_transaction_type_code":"MSC",
          "air_document_type_text":"TICKET CHANGE OR CANCEL FEE",
          "air_transaction_type_text":"MISCELLANEOUS"
       },
       {  
          "id":"travel_document_type::70",
          "type":"travel_document_type",
          "air_document_type_code":"70",
          "air_transaction_type_code":"MSC",
          "air_document_type_text":"TRIP INSURANCE",
          "air_transaction_type_text":"MISCELLANEOUS"
       },
       {  
          "id":"travel_document_type::71",
          "type":"travel_document_type",
          "air_document_type_code":"71",
          "air_transaction_type_code":"TKT",
          "air_document_type_text":"UNACCOMPANIED MINOR",
          "air_transaction_type_text":"TICKET"
       },
       {  
          "id":"travel_document_type::72",
          "type":"travel_document_type",
          "air_document_type_code":"72",
          "air_transaction_type_code":"MSC",
          "air_document_type_text":"STANDBY FEE",
          "air_transaction_type_text":"MISCELLANEOUS"
       },
       {  
          "id":"travel_document_type::73",
          "type":"travel_document_type",
          "air_document_type_code":"73",
          "air_transaction_type_code":"MSC",
          "air_document_type_text":"CURBSIDE BAGGAGE",
          "air_transaction_type_text":"MISCELLANEOUS"
       },
       {  
          "id":"travel_document_type::74",
          "type":"travel_document_type",
          "air_document_type_code":"74",
          "air_transaction_type_code":"MSC",
          "air_document_type_text":"INFLIGHT MEDICAL EQUIPMENT",
          "air_transaction_type_text":"MISCELLANEOUS"
       },
       {  
          "id":"travel_document_type::75",
          "type":"travel_document_type",
          "air_document_type_code":"75",
          "air_transaction_type_code":"MSC",
          "air_document_type_text":"TICKET OR PASS PRINT FEE",
          "air_transaction_type_text":"MISCELLANEOUS"
       },
       {  
          "id":"travel_document_type::76",
          "type":"travel_document_type",
          "air_document_type_code":"76",
          "air_transaction_type_code":"MSC",
          "air_document_type_text":"CHECKED SPORTING/SPECIAL EQUIPMENT",
          "air_transaction_type_text":"MISCELLANEOUS"
       },
       {  
          "id":"travel_document_type::77",
          "type":"travel_document_type",
          "air_document_type_code":"77",
          "air_transaction_type_code":"MSC",
          "air_document_type_text":"DRY ICE FEE",
          "air_transaction_type_text":"MISCELLANEOUS"
       },
       {  
          "id":"travel_document_type::78",
          "type":"travel_document_type",
          "air_document_type_code":"78",
          "air_transaction_type_code":"MSC",
          "air_document_type_text":"MAIL/POSTAGE FEE",
          "air_transaction_type_text":"MISCELLANEOUS"
       },
       {  
          "id":"travel_document_type::79",
          "type":"travel_document_type",
          "air_document_type_code":"79",
          "air_transaction_type_code":"MSC",
          "air_document_type_text":"CLUB MEMBERSHIP FEE",
          "air_transaction_type_text":"MISCELLANEOUS"
       },
       {  
          "id":"travel_document_type::80",
          "type":"travel_document_type",
          "air_document_type_code":"80",
          "air_transaction_type_code":"MSC",
          "air_document_type_text":"FREQUENT FLYER ACTIVATION/REINSTATEMENT",
          "air_transaction_type_text":"MISCELLANEOUS"
       },
       {  
          "id":"travel_document_type::81",
          "type":"travel_document_type",
          "air_document_type_code":"81",
          "air_transaction_type_code":"MSC",
          "air_document_type_text":"GIFT CERTIFICATE",
          "air_transaction_type_text":"MISCELLANEOUS"
       },
       {  
          "id":"travel_document_type::82",
          "type":"travel_document_type",
          "air_document_type_code":"82",
          "air_transaction_type_code":"MSC",
          "air_document_type_text":"ONBOARD/INFLIGHT PREPAID VOUCHER",
          "air_transaction_type_text":"MISCELLANEOUS"
       },
       {  
          "id":"travel_document_type::83",
          "type":"travel_document_type",
          "air_document_type_code":"83",
          "air_transaction_type_code":"MSC",
          "air_document_type_text":"OPTIONAL SERVICES FEE",
          "air_transaction_type_text":"MISCELLANEOUS"
       },
       {  
          "id":"travel_document_type::84",
          "type":"travel_document_type",
          "air_document_type_code":"84",
          "air_transaction_type_code":"MSC",
          "air_document_type_text":"ADVANCED PURCHASE -  EXCESS BAGGAGE",
          "air_transaction_type_text":"MISCELLANEOUS"
       },
       {  
          "id":"travel_document_type::85",
          "type":"travel_document_type",
          "air_document_type_code":"85",
          "air_transaction_type_code":"MSC",
          "air_document_type_text":"ADVANCED PURCHASE - PREFERRED SEAT UPGRADE",
          "air_transaction_type_text":"MISCELLANEOUS"
       },
       {  
          "id":"travel_document_type::86",
          "type":"travel_document_type",
          "air_document_type_code":"86",
          "air_transaction_type_code":"MSC",
          "air_document_type_text":"ADVANCED PURCHASE - CABIN UPGRADE",
          "air_transaction_type_text":"MISCELLANEOUS"
       },
       {  
          "id":"travel_document_type::87",
          "type":"travel_document_type",
          "air_document_type_code":"87",
          "air_transaction_type_code":"MSC",
          "air_document_type_text":"ADVANCED PURCHASE - OPTIONAL SERVICES",
          "air_transaction_type_text":"MISCELLANEOUS"
       },
       {  
          "id":"travel_document_type::88",
          "type":"travel_document_type",
          "air_document_type_code":"88",
          "air_transaction_type_code":"MSC",
          "air_document_type_text":"WIFI",
          "air_transaction_type_text":"MISCELLANEOUS"
       },
       {  
          "id":"travel_document_type::89",
          "type":"travel_document_type",
          "air_document_type_code":"89",
          "air_transaction_type_code":"MSC",
          "air_document_type_text":"PACKAGES",
          "air_transaction_type_text":"MISCELLANEOUS"
       },
       {  
          "id":"travel_document_type::90",
          "type":"travel_document_type",
          "air_document_type_code":"90",
          "air_transaction_type_code":"MSC",
          "air_document_type_text":"INFLIGHT ENTERTAINMENT/INTERNET ACCESS",
          "air_transaction_type_text":"MISCELLANEOUS"
       },
       {  
          "id":"travel_document_type::91",
          "type":"travel_document_type",
          "air_document_type_code":"91",
          "air_transaction_type_code":"MSC",
          "air_document_type_text":"OVERWEIGHT BAG FEE",
          "air_transaction_type_text":"MISCELLANEOUS"
       },
       {  
          "id":"travel_document_type::92",
          "type":"travel_document_type",
          "air_document_type_code":"92",
          "air_transaction_type_code":"MSC",
          "air_document_type_text":"SLEEP SETS",
          "air_transaction_type_text":"MISCELLANEOUS"
       },
       {  
          "id":"travel_document_type::93",
          "type":"travel_document_type",
          "air_document_type_code":"93",
          "air_transaction_type_code":"MSC",
          "air_document_type_text":"SPECIAL PURCHASE FEE",
          "air_transaction_type_text":"MISCELLANEOUS"
       },
       {  
          "id":"travel_document_type::99",
          "type":"travel_document_type",
          "air_document_type_code":"99",
          "air_transaction_type_code":"EXC",
          "air_document_type_text":"PASSENGER TICKET",
          "air_transaction_type_text":"EXCHANGE"
       }
    ]
 }]