{
  "status": "SUCCESS",
  "data": {
    "displayQDIA": false,
    "displayMorningStar": false,
    "displayEnrollParticipant": true,
    "disableQDIA": false,
    "disableMorningStar": false,
    "morningStarError": false,
    "enableEnrollParticipant": false,
    "displayEmail": true,
    "canLoadOptionalDataElements": true,
    "salaryDataElement": "PTPH811",
    "salaryEffectiveDateDataElement": "PTPH773",
    "participantMinAge": 15,
    "participantMaxAge": 90,
    "authDivSubs": [],
    "allDivSubs": [],
    "allDivSubOptionMaxLength": 50,
    "displayLOA": true,
    "loaStartDateDataElement": "PTPH771",
    "loaStartReasonDataElement": "PTPH841",
    "loaEndDateDataElement": "PTPH772",
    "loaEndReasonDataElement": "PTPH842",
    "allowNameChange": true
  }
}
