{
  "status": "SUCCESS",
  "data": {
    "lastName": "TEST",
    "firstName": "TEST",
    "middleInitial": "",
    "address1": "123 MAIN",
    "address2": "TEST",
    "city": "ANYWHERE",
    "state": "FL",
    "zipCode": "32210",
    "country": "USA",
    "email": "",
    "statusCode": "00",
    "birthDate": "01/01/1982",
    "hireDate": "01/01/2018",
    "termCode": "",
    "enrollFlag": false,
    "mstarFlag": false,
    "qdiaFlag": false,
    "termReadOnlyFlag": false,
    "displayMakeActive": false
  }
}
